scenario_id,family,unit_discharge_m2s,Fr1,forcing_kW_m
SYN50K-09124-999a349b99,F1,0.6651507,8.254508,13.42704
SYN50K-44690-8bd960aa26,F1,1.6470094,6.1417651,35.717943
SYN50K-22422-faca77fc4b,F1,0.65087761,4.8814184,4.8294878
SYN50K-06700-db68df55c2,F1,0.92421845,6.0071571,13.074738
SYN50K-49046-9c239489d2,F1,0.44237058,5.0947519,2.7700688
SYN50K-41966-3e49f8a4cb,F1,0.78824091,5.5036475,8.4655945
SYN50K-38372-7759f560d3,F1,0.93196659,6.5356802,15.530181
SYN50K-30552-ed49e1a50c,F1,1.7879323,8.4359,72.434862
SYN50K-20534-800fc75c23,F1,0.53827724,4.7678284,3.3505781
SYN50K-45716-5ba7d2dde7,F1,0.4904738,8.4133399,8.350747
SYN50K-37314-39f4c481c5,F2,4.5363497,7.2385867,261.44949
SYN50K-07308-809b33eee0,F2,1.7336247,5.1754616,27.856815
SYN50K-20174-d5102d4f01,F2,0.99289496,7.7076785,23.23261
SYN50K-47530-51e9885873,F2,2.2215573,8.7237183,110.16122
SYN50K-42366-4fccb384bd,F2,1.6666672,7.3898311,51.127683
SYN50K-43584-10032bfd79,F2,1.6752647,8.5749256,66.833578
SYN50K-35010-09002dbe4a,F2,4.6774414,5.2421437,149.46754
SYN50K-30314-1f225a49f6,F2,2.5946133,8.6578342,140.8569
SYN50K-00796-7b94f07f20,F2,1.9614192,6.6345577,55.185043
SYN50K-15582-4c36d2f2e6,F2,1.143914,6.6865432,22.790568
SYN50K-25540-eaa4bb23ec,F2,0.72699116,7.3774037,12.788571
SYN50K-46034-5baefa81c9,F2,2.5480401,7.1581073,97.989322
SYN50K-43294-eabdbdc78e,F2,2.1573646,5.4981945,45.24642
SYN50K-10140-34ccfc2100,F2,2.6308416,5.5496726,64.144222
SYN50K-27188-4d52cb72f3,F2,2.0574176,7.1532264,68.523596
SYN50K-28592-fb2d54bbaa,F2,1.1974917,6.7028662,24.707546
SYN50K-09098-b8af18fa7c,F2,2.7394876,6.8665057,102.55569
SYN50K-21262-91859326e3,F2,1.3413233,7.6464228,37.81943
SYN50K-23684-ea67509a74,F2,3.9394475,4.8189819,94.518005
SYN50K-17146-64bf93bfcb,F2,1.870144,5.74062,38.793401
SYN50K-31226-32dd01b90b,F2,1.1084266,6.4913547,20.474655
SYN50K-39748-c453b1b7dc,F2,3.5468008,8.6018042,234.55216
SYN50K-13314-4ae7af626a,F2,2.5292967,8.8776431,140.87503
SYN50K-04086-87cab8c674,F2,1.3896349,6.8976836,33.362341
SYN50K-17380-5c628b2c98,F2,2.0092084,6.7178945,58.775999
SYN50K-07948-f2eb531d7e,F2,1.5435174,5.1294843,22.543466
SYN50K-09708-2a27a687b0,F3,1.3862471,5.774553,23.822339
SYN50K-14520-0a70d8bf96,F3,0.41607915,5.841746,3.2776482
SYN50K-22814-fc76c01467,F3,1.8936044,6.8610531,55.339055
SYN50K-11472-66e83e1cf8,F3,1.0662896,8.2690961,29.573008
SYN50K-24984-40a5de0bec,F3,0.9012542,5.6468233,11.129639
SYN50K-10276-b9448ffb26,F3,3.3503863,8.3206392,201.4871
SYN50K-42310-3df2f48027,F3,0.60158817,6.4588212,7.3252623
SYN50K-17100-f502e8d6c3,F3,1.0437613,6.8370273,20.375601
SYN50K-23030-9e4f116074,F3,1.1860174,6.0232721,19.914733
SYN50K-42496-cb814a5495,F3,0.93258484,7.3133935,19.069542
SYN50K-13598-346fc1ad47,F3,1.8411466,5.6362568,36.472363
SYN50K-34746-b8e369f1c4,F3,0.53994416,8.8849992,10.757022
SYN50K-43302-33e70cdac6,F3,0.62261369,6.258167,7.3132171
SYN50K-18956-cfef67027d,F3,1.4441791,4.5307434,15.578962
SYN50K-41138-bb8ce2df2f,F3,0.88258819,4.760394,7.6141337
SYN50K-07096-d8e1216352,F3,0.64019609,6.4331064,8.0654336
SYN50K-43350-6f9a9a4640,F3,0.39593577,4.8858673,2.1131452
SYN50K-24166-31b89f777f,F3,1.0695145,7.1225318,22.85191
SYN50K-43490-e7463e33df,F3,0.58677819,6.2632385,6.6353019
SYN50K-16876-306388a6e4,F3,0.90283382,6.0784086,12.859304
SYN50K-44454-0d05156573,F3,0.70803642,7.9529004,13.968998
SYN50K-25916-9d39353325,F3,1.2821069,6.5693573,26.679235
SYN50K-04112-2af83b4608,F3,0.50649025,7.3953907,7.0324657
SYN50K-13706-886adc9445,F3,1.021226,8.7487781,30.310214
SYN50K-16006-8872b08aa8,F3,0.86207615,5.5000075,9.8152858
SYN50K-43660-b4d451f0e3,F3,1.0786146,8.5640617,32.015346
SYN50K-12428-7badb93721,F3,1.4803059,6.9356963,37.440461
SYN50K-48610-51c9b9880a,F3,0.46809041,7.3264154,6.0644026
SYN50K-05884-8cf1a5ef65,F3,1.0279448,6.4098864,17.63876
SYN50K-43258-c938eb8d4b,F3,0.83252752,8.7967208,21.764618
SYN50K-26320-dea3dd1322,F3,1.5688218,6.4782371,36.394219
SYN50K-01066-31b2ef6f9d,F3,1.7334604,4.8022576,23.887142
SYN50K-00232-cf8003344b,F3,0.83784333,5.6911726,10.006542
SYN50K-33970-8b28be8195,F3,0.83360053,6.1572503,11.535977
SYN50K-22346-3d637ea083,F3,0.93883064,8.2547072,23.847547
SYN50K-29700-489f6ae20e,F3,0.6504874,8.3216996,13.119459
SYN50K-47878-85c14bee50,F3,0.44331205,8.5918665,7.3142487
SYN50K-27786-71071b9384,F3,2.9242963,8.4122308,163.67019
SYN50K-10384-d0e0198c65,F3,0.51837732,4.7673841,3.1460694
SYN50K-42794-e9b07411cd,F3,0.58087081,6.6071066,7.2058957
SYN50K-14820-70985ba545,F3,1.5049714,8.6665502,56.922315
SYN50K-27310-aab230369f,F3,1.3331186,6.1248753,24.979334
SYN50K-09510-7f9252ce0a,F3,0.69926872,8.2230712,14.498572
SYN50K-08528-74272e0c28,F3,2.4402055,8.6655233,127.35767
SYN50K-12436-20a803c5a0,F3,1.7420045,6.1118456,38.856677
SYN50K-45700-996790c761,F3,1.5975516,7.529857,49.256994
SYN50K-00194-a2e42731f4,F3,2.1160894,5.5904625,45.267529
SYN50K-31016-4212d8f90f,F3,2.3660938,8.146065,108.78511
SYN50K-32138-05ec2f47fd,F3,0.53064022,6.6927984,6.3461688
SYN50K-24060-8225ea75da,F3,0.72125681,8.1086826,14.900608
SYN50K-15260-a91ef27d66,F3,1.2138404,7.9797412,34.50576
SYN50K-00854-ea9daff2b7,F3,1.2497053,8.2741454,38.569165
SYN50K-45046-3f8404e959,F3,2.0512912,8.4425423,91.19998
SYN50K-49704-224c95d4bd,F3,1.7085908,6.3453026,40.369113
SYN50K-10242-f5593079bc,F3,1.290055,7.0183897,30.415118
SYN50K-19088-ba22e552a7,F4,1.14856,6.6073646,22.447921
SYN50K-07960-0929317972,F4,1.5646065,6.4155674,35.58303
SYN50K-41554-2c0c8d3cb2,F4,1.2430933,5.5984072,18.704344
SYN50K-10230-b06449bca7,F4,0.93921045,6.2149552,14.322829
SYN50K-13412-a0406fc699,F4,0.51845295,7.5537338,7.5914461
SYN50K-15564-aafb0e9252,F4,3.0587984,5.6198307,84.513926
SYN50K-03174-bf6bd64372,F4,1.4377738,6.8833666,35.177581
SYN50K-26708-a4e89f5eec,F4,1.4978459,8.9375749,59.506069
SYN50K-25126-d5357c2659,F4,2.5641953,7.8966569,117.83639
SYN50K-37960-b673f05a8b,F4,0.61279299,4.7280208,4.0862769
SYN50K-00946-cbdfecd0ee,F4,1.6182782,5.617149,29.220935
SYN50K-35606-b01df240e0,F4,0.71572882,6.2340924,9.1590064
SYN50K-48960-7a46296d4f,F4,1.2287382,6.8127236,26.56976
SYN50K-12796-d933bbb8fb,F4,1.6760299,8.5420885,66.44703
SYN50K-15464-6e279245de,F4,0.92374606,6.420627,14.806723
SYN50K-16036-d98177193e,F4,1.2389136,7.4581688,31.701603
SYN50K-39924-e80d5f0db3,F4,0.88299983,6.8259903,15.373188
SYN50K-48432-405dc11691,F4,1.2512805,8.3659496,39.39188
SYN50K-15140-bdcaf474c9,F4,0.74288493,5.2051176,6.8634977
SYN50K-38866-fca68d440a,F4,1.2074058,4.628295,12.096768
SYN50K-22882-f4d7f9ecbc,F4,1.786592,4.7327791,24.364927
SYN50K-46342-c4f0e3f1cc,F4,0.66081722,7.3432727,10.81818
SYN50K-44378-be4c0598d9,F4,1.8165705,5.8342851,38.131884
SYN50K-49540-565bcd9b09,F4,0.77802948,5.1187245,7.1665934
SYN50K-05100-712854ce3b,F4,0.5099931,8.4057037,8.898061
SYN50K-00864-f9aff4f657,F4,3.5060768,5.6717999,108.01969
SYN50K-09014-fc0ff80e46,F4,0.74371549,6.9083787,11.80291
SYN50K-35856-c58cefae6e,F4,0.71719117,5.3485472,6.8345036
SYN50K-45304-9fbe825303,F4,1.4704554,8.836286,56.599839
SYN50K-47988-61547ec5a3,F4,1.6577264,8.0469165,58.858708
SYN50K-16102-90abd94ced,F4,1.0237279,8.1318679,26.843841
SYN50K-33756-9fa15e7180,F4,1.1581162,8.3272762,34.350979
SYN50K-41054-ede5219ff7,F4,0.50953808,7.7051841,7.6378838
SYN50K-31790-9d42fdf9f9,F4,1.8695981,8.2266692,74.729782
SYN50K-27488-5197f3ab4e,F4,0.88241904,8.0414349,20.554161
SYN50K-34488-fcc5f827ef,F4,1.2405894,5.4321314,17.568283
SYN50K-44892-1dfe667173,F4,2.6345402,8.8162163,149.01412
SYN50K-28620-a648aa949f,F4,2.380368,7.8363882,102.71096
SYN50K-20656-fdb0002906,F4,2.6507391,5.478211,63.319947
SYN50K-14732-a7f91d18b6,F4,0.46296567,8.418982,7.5935874
SYN50K-08726-d62d6ffa17,F4,1.3787466,7.3472201,36.890013
SYN50K-36482-851d2f140a,F4,1.7297699,8.0512926,63.243142
SYN50K-15356-8276524ca4,F4,0.75479144,5.9549165,9.1752905
SYN50K-41128-a89e03dea9,F4,1.4749659,5.4834215,23.880654
SYN50K-05298-88a268c38c,F4,0.75341696,6.192247,9.8512354
SYN50K-22436-8e24f14fe7,F4,1.0502456,5.4990592,13.635285
SYN50K-29646-8e65968587,F4,1.7811064,4.5980121,22.803485
SYN50K-43540-7d95ce0d75,F4,2.0111879,5.9973157,47.629228
SYN50K-09242-8a0d1e3104,F4,1.5841747,4.5358558,18.220442
SYN50K-39706-886cca2666,F4,0.90855479,6.780493,15.926267
SYN50K-35966-9b1c2ec7d5,F4,2.5721457,5.6949631,64.973103
SYN50K-10104-5365ff1717,F4,0.5396608,7.8452617,8.675041
SYN50K-48286-04904485d6,F4,1.7286144,7.8419268,60.33609
SYN50K-30186-2df27962b3,F4,2.8266589,8.5449233,158.86986
SYN50K-44032-7b90c2f7e2,F4,2.9973366,7.247758,131.34712
SYN50K-05656-0abea52f03,F4,0.44110843,5.6925068,3.4365237
SYN50K-09010-dc752b573b,F4,1.18389,6.9584305,25.952815
SYN50K-08596-5c0342bd97,F4,1.2883985,7.680201,35.640814
SYN50K-26664-ec62ca6a61,F4,1.3953973,8.3333844,46.924218
SYN50K-24600-a86729c0cb,F4,1.2135865,7.6838599,32.285874
SYN50K-38750-2f83ae0568,F4,1.919237,5.6926031,39.850982
SYN50K-41506-06891fc91c,F4,2.9379383,8.3776119,163.77987
SYN50K-01242-fea6207700,F4,2.3063133,4.6871478,36.536514
SYN50K-45660-88c509d4f7,F4,1.3095475,6.6964458,28.629526
SYN50K-04584-9ecef409c6,F4,2.5703505,7.4187722,105.98583
SYN50K-22326-2b0e4faaad,F4,1.4360759,7.2851977,38.888903
SYN50K-40746-8fb6384b9c,F4,0.65579611,4.5774338,4.2721448
SYN50K-12090-f9f371b443,F4,0.41742943,8.5351931,6.5420058
SYN50K-41962-d69b546833,F4,1.4178896,4.9258315,18.013708
SYN50K-38550-22ef9b50cf,F4,1.8398948,6.590739,49.00325
SYN50K-43072-a44806c330,F4,0.48173645,8.2289173,7.8007103
SYN50K-01020-d32c6a9e64,F4,1.0136114,8.140931,26.454187
SYN50K-33926-9be4d64719,F4,0.49228767,8.6179803,8.7552733
SYN50K-09316-7329dc67da,F4,1.5732875,6.5230709,37.037202
SYN50K-22514-2de8899a19,F4,0.94763651,5.968404,13.464402
SYN50K-45476-84b329590d,F4,0.46196045,5.6635318,3.6748738
SYN50K-08424-cb02fab9ea,F4,1.4994042,4.5633856,16.841379
SYN50K-33850-bb672d7ed4,F4,1.1305443,6.6469106,22.105615
SYN50K-10890-a751cefe18,F4,0.60428541,5.5304147,5.4883203
SYN50K-28050-5a9d2b1500,F4,1.3020086,5.6888247,20.845911
SYN50K-48458-9f67d2aaa2,F4,1.0959784,7.6874715,27.264055
SYN50K-41772-bbbaada876,F4,2.6571721,7.8111783,122.68525
SYN50K-37950-66278d4f18,F4,1.9691631,4.6909995,28.124543
SYN50K-20510-c02006f7d3,F4,2.9382455,5.8834269,86.366934
SYN50K-06498-f8278ecf66,F4,1.0719577,7.2380201,23.610879
SYN50K-01658-dfe233ddd9,F4,0.71842146,6.5556319,10.121726
SYN50K-44402-babe05fbc3,F4,2.4600828,6.3677722,74.604888
SYN50K-27170-5add078b71,F4,1.1260255,5.2557506,13.997139
SYN50K-43866-0032d3299d,F4,1.788305,4.5823413,22.790835
