method,seed,family,input,value,n,r2
standardized_coefficient,49972026,ALL,cohesion_kPa,0.63184101,2257,0.87963573
standardized_coefficient,49972026,ALL,structure_height_m,-0.26052133,2257,0.87963573
standardized_coefficient,49972026,ALL,downstream_slope_h_per_v,0.16228192,2257,0.87963573
standardized_coefficient,49972026,ALL,Q_m3s,-0.079396027,2257,0.87963573
standardized_coefficient,49972026,ALL,tailwater_ratio,0.065958512,2257,0.87963573
standardized_coefficient,49972026,ALL,top_width_m,0.065883365,2257,0.87963573
standardized_coefficient,49972026,F1,cohesion_kPa,0.74029448,121,0.85816355
standardized_coefficient,49972026,F1,downstream_slope_h_per_v,0.15847652,121,0.85816355
standardized_coefficient,49972026,F1,structure_height_m,-0.15272357,121,0.85816355
standardized_coefficient,49972026,F1,tailwater_ratio,0.12983478,121,0.85816355
standardized_coefficient,49972026,F1,Q_m3s,-0.082451719,121,0.85816355
standardized_coefficient,49972026,F1,overflow_length_m,0.08223049,121,0.85816355
standardized_coefficient,49972026,F2,cohesion_kPa,0.7039511,140,0.86627238
standardized_coefficient,49972026,F2,structure_height_m,-0.34975863,140,0.86627238
standardized_coefficient,49972026,F2,tailwater_ratio,0.1836643,140,0.86627238
standardized_coefficient,49972026,F2,phi_deg,0.086113904,140,0.86627238
standardized_coefficient,49972026,F2,Q_m3s,0.066960945,140,0.86627238
standardized_coefficient,49972026,F2,overflow_length_m,-0.05744491,140,0.86627238
standardized_coefficient,49972026,F3,cohesion_kPa,0.61630219,790,0.8908733
standardized_coefficient,49972026,F3,structure_height_m,-0.19520631,790,0.8908733
standardized_coefficient,49972026,F3,downstream_slope_h_per_v,0.12911404,790,0.8908733
standardized_coefficient,49972026,F3,top_width_m,0.060512854,790,0.8908733
standardized_coefficient,49972026,F3,Q_m3s,-0.05940769,790,0.8908733
standardized_coefficient,49972026,F3,overflow_length_m,0.041974984,790,0.8908733
standardized_coefficient,49972026,F4,cohesion_kPa,0.62170116,1206,0.89040961
standardized_coefficient,49972026,F4,structure_height_m,-0.19311592,1206,0.89040961
standardized_coefficient,49972026,F4,downstream_slope_h_per_v,0.11545214,1206,0.89040961
standardized_coefficient,49972026,F4,Q_m3s,-0.10337999,1206,0.89040961
standardized_coefficient,49972026,F4,overflow_length_m,0.069837862,1206,0.89040961
standardized_coefficient,49972026,F4,top_width_m,0.063280632,1206,0.89040961
standardized_coefficient,49972027,ALL,cohesion_kPa,0.63670083,2211,0.87575737
standardized_coefficient,49972027,ALL,structure_height_m,-0.25157011,2211,0.87575737
standardized_coefficient,49972027,ALL,downstream_slope_h_per_v,0.16044391,2211,0.87575737
standardized_coefficient,49972027,ALL,Q_m3s,-0.094369405,2211,0.87575737
standardized_coefficient,49972027,ALL,tailwater_ratio,0.070352162,2211,0.87575737
standardized_coefficient,49972027,ALL,top_width_m,0.060548218,2211,0.87575737
standardized_coefficient,49972027,F1,cohesion_kPa,0.70243232,104,0.88674351
standardized_coefficient,49972027,F1,Q_m3s,-0.2019079,104,0.88674351
standardized_coefficient,49972027,F1,downstream_slope_h_per_v,0.15704576,104,0.88674351
standardized_coefficient,49972027,F1,structure_height_m,-0.14467816,104,0.88674351
standardized_coefficient,49972027,F1,tailwater_ratio,0.10992119,104,0.88674351
standardized_coefficient,49972027,F1,overflow_length_m,0.04756365,104,0.88674351
standardized_coefficient,49972027,F2,cohesion_kPa,0.76326075,134,0.87102717
standardized_coefficient,49972027,F2,structure_height_m,-0.21607316,134,0.87102717
standardized_coefficient,49972027,F2,tailwater_ratio,0.11686562,134,0.87102717
standardized_coefficient,49972027,F2,downstream_slope_h_per_v,-0.052373702,134,0.87102717
standardized_coefficient,49972027,F2,overflow_length_m,-0.037118662,134,0.87102717
standardized_coefficient,49972027,F2,top_width_m,0.035096743,134,0.87102717
standardized_coefficient,49972027,F3,cohesion_kPa,0.59791787,814,0.89545556
standardized_coefficient,49972027,F3,structure_height_m,-0.18701891,814,0.89545556
standardized_coefficient,49972027,F3,downstream_slope_h_per_v,0.13374449,814,0.89545556
standardized_coefficient,49972027,F3,Q_m3s,-0.074579243,814,0.89545556
standardized_coefficient,49972027,F3,top_width_m,0.062852354,814,0.89545556
standardized_coefficient,49972027,F3,tailwater_ratio,0.061876752,814,0.89545556
standardized_coefficient,49972027,F4,cohesion_kPa,0.64474873,1159,0.88242239
standardized_coefficient,49972027,F4,structure_height_m,-0.18588428,1159,0.88242239
standardized_coefficient,49972027,F4,Q_m3s,-0.11854442,1159,0.88242239
standardized_coefficient,49972027,F4,downstream_slope_h_per_v,0.10049022,1159,0.88242239
standardized_coefficient,49972027,F4,overflow_length_m,0.078318458,1159,0.88242239
standardized_coefficient,49972027,F4,tailwater_ratio,0.05209534,1159,0.88242239
standardized_coefficient,49972028,ALL,cohesion_kPa,0.62931365,2273,0.87100306
standardized_coefficient,49972028,ALL,structure_height_m,-0.26030772,2273,0.87100306
standardized_coefficient,49972028,ALL,downstream_slope_h_per_v,0.17160858,2273,0.87100306
standardized_coefficient,49972028,ALL,Q_m3s,-0.097068196,2273,0.87100306
standardized_coefficient,49972028,ALL,tailwater_ratio,0.075391042,2273,0.87100306
standardized_coefficient,49972028,ALL,overflow_length_m,0.062988764,2273,0.87100306
standardized_coefficient,49972028,F1,cohesion_kPa,0.6620931,122,0.85286626
standardized_coefficient,49972028,F1,overflow_length_m,0.15404865,122,0.85286626
standardized_coefficient,49972028,F1,structure_height_m,-0.15078091,122,0.85286626
standardized_coefficient,49972028,F1,Q_m3s,-0.1420389,122,0.85286626
standardized_coefficient,49972028,F1,downstream_slope_h_per_v,0.098630277,122,0.85286626
standardized_coefficient,49972028,F1,top_width_m,0.078245893,122,0.85286626
standardized_coefficient,49972028,F2,cohesion_kPa,0.69773927,141,0.86647758
standardized_coefficient,49972028,F2,structure_height_m,-0.20472496,141,0.86647758
standardized_coefficient,49972028,F2,tailwater_ratio,0.19917403,141,0.86647758
standardized_coefficient,49972028,F2,downstream_slope_h_per_v,0.090613742,141,0.86647758
standardized_coefficient,49972028,F2,phi_deg,0.04558744,141,0.86647758
standardized_coefficient,49972028,F2,top_width_m,0.035490102,141,0.86647758
standardized_coefficient,49972028,F3,cohesion_kPa,0.61615151,811,0.87792134
standardized_coefficient,49972028,F3,structure_height_m,-0.21383271,811,0.87792134
standardized_coefficient,49972028,F3,downstream_slope_h_per_v,0.14681138,811,0.87792134
standardized_coefficient,49972028,F3,Q_m3s,-0.09223742,811,0.87792134
standardized_coefficient,49972028,F3,tailwater_ratio,0.071448641,811,0.87792134
standardized_coefficient,49972028,F3,top_width_m,0.061863911,811,0.87792134
standardized_coefficient,49972028,F4,cohesion_kPa,0.63063443,1199,0.88456017
standardized_coefficient,49972028,F4,structure_height_m,-0.17851623,1199,0.88456017
standardized_coefficient,49972028,F4,downstream_slope_h_per_v,0.12262705,1199,0.88456017
standardized_coefficient,49972028,F4,Q_m3s,-0.1215883,1199,0.88456017
standardized_coefficient,49972028,F4,overflow_length_m,0.063725599,1199,0.88456017
standardized_coefficient,49972028,F4,tailwater_ratio,0.05046434,1199,0.88456017
standardized_coefficient,49972029,ALL,cohesion_kPa,0.61632814,2173,0.87910118
standardized_coefficient,49972029,ALL,structure_height_m,-0.25268192,2173,0.87910118
standardized_coefficient,49972029,ALL,downstream_slope_h_per_v,0.17531071,2173,0.87910118
standardized_coefficient,49972029,ALL,Q_m3s,-0.089547014,2173,0.87910118
standardized_coefficient,49972029,ALL,top_width_m,0.063991394,2173,0.87910118
standardized_coefficient,49972029,ALL,overflow_length_m,0.062927214,2173,0.87910118
standardized_coefficient,49972029,F1,cohesion_kPa,0.64529079,119,0.90906847
standardized_coefficient,49972029,F1,structure_height_m,-0.18729188,119,0.90906847
standardized_coefficient,49972029,F1,downstream_slope_h_per_v,0.18332571,119,0.90906847
standardized_coefficient,49972029,F1,Q_m3s,-0.15142572,119,0.90906847
standardized_coefficient,49972029,F1,tailwater_ratio,0.11252022,119,0.90906847
standardized_coefficient,49972029,F1,overflow_length_m,0.047967859,119,0.90906847
standardized_coefficient,49972029,F2,cohesion_kPa,0.71053222,144,0.85154265
standardized_coefficient,49972029,F2,structure_height_m,-0.24894795,144,0.85154265
standardized_coefficient,49972029,F2,tailwater_ratio,0.19708887,144,0.85154265
standardized_coefficient,49972029,F2,top_width_m,0.11409342,144,0.85154265
standardized_coefficient,49972029,F2,downstream_slope_h_per_v,0.084746903,144,0.85154265
standardized_coefficient,49972029,F2,overflow_length_m,0.071345821,144,0.85154265
standardized_coefficient,49972029,F3,cohesion_kPa,0.60596232,790,0.88614124
standardized_coefficient,49972029,F3,structure_height_m,-0.18625049,790,0.88614124
standardized_coefficient,49972029,F3,downstream_slope_h_per_v,0.14324486,790,0.88614124
standardized_coefficient,49972029,F3,top_width_m,0.064327112,790,0.88614124
standardized_coefficient,49972029,F3,Q_m3s,-0.0614054,790,0.88614124
standardized_coefficient,49972029,F3,overflow_length_m,0.044027531,790,0.88614124
standardized_coefficient,49972029,F4,cohesion_kPa,0.60663498,1120,0.88779751
standardized_coefficient,49972029,F4,structure_height_m,-0.17304299,1120,0.88779751
standardized_coefficient,49972029,F4,Q_m3s,-0.11873257,1120,0.88779751
standardized_coefficient,49972029,F4,downstream_slope_h_per_v,0.1122196,1120,0.88779751
standardized_coefficient,49972029,F4,overflow_length_m,0.080086775,1120,0.88779751
standardized_coefficient,49972029,F4,tailwater_ratio,0.049003093,1120,0.88779751
spearman_rho,49972026,F1,cohesion_kPa,0.86947568,121,
spearman_rho,49972026,F1,tailwater_ratio,0.31201057,121,
spearman_rho,49972026,F2,cohesion_kPa,0.8655704,140,
spearman_rho,49972026,F2,structure_height_m,-0.38316241,140,
spearman_rho,49972026,F3,cohesion_kPa,0.90269136,790,
spearman_rho,49972026,F3,structure_height_m,-0.27773981,790,
spearman_rho,49972026,F4,cohesion_kPa,0.88294189,1206,
spearman_rho,49972026,F4,structure_height_m,-0.28948554,1206,
spearman_rho,49972027,F1,cohesion_kPa,0.85490238,104,
spearman_rho,49972027,F1,Q_m3s,-0.31161848,104,
spearman_rho,49972027,F2,cohesion_kPa,0.91556004,134,
spearman_rho,49972027,F2,base_width_m,-0.34064016,134,
spearman_rho,49972027,F3,cohesion_kPa,0.90484514,814,
spearman_rho,49972027,F3,structure_height_m,-0.24786926,814,
spearman_rho,49972027,F4,cohesion_kPa,0.87981084,1159,
spearman_rho,49972027,F4,structure_height_m,-0.26839094,1159,
spearman_rho,49972028,F1,cohesion_kPa,0.84776337,122,
spearman_rho,49972028,F1,structure_height_m,-0.38507903,122,
spearman_rho,49972028,F2,cohesion_kPa,0.90173809,141,
spearman_rho,49972028,F2,tailwater_ratio,0.26307633,141,
spearman_rho,49972028,F3,cohesion_kPa,0.88333634,811,
spearman_rho,49972028,F3,structure_height_m,-0.3169808,811,
spearman_rho,49972028,F4,cohesion_kPa,0.88443499,1199,
spearman_rho,49972028,F4,structure_height_m,-0.28107941,1199,
spearman_rho,49972029,F1,cohesion_kPa,0.80157385,119,
spearman_rho,49972029,F1,structure_height_m,-0.3599416,119,
spearman_rho,49972029,F2,cohesion_kPa,0.88737642,144,
spearman_rho,49972029,F2,base_width_m,-0.37386464,144,
spearman_rho,49972029,F3,cohesion_kPa,0.90606931,790,
spearman_rho,49972029,F3,structure_height_m,-0.27515246,790,
spearman_rho,49972029,F4,cohesion_kPa,0.88790442,1120,
spearman_rho,49972029,F4,structure_height_m,-0.33652766,1120,
