scenario_id,family,structure_height_m,top_width_m,downstream_slope_h_per_v,body_area_m2_per_m,height_local_elasticity
SYN50K-09124-999a349b99,F1,1.4750067,0.9857242,1.7428864,3.3499007,1.5659723
SYN50K-44690-8bd960aa26,F1,1.8703874,0.95487324,1.2324653,3.9417797,1.5469095
SYN50K-22422-faca77fc4b,F1,1.2997923,1.1718926,1.3838762,2.6922186,1.434215
SYN50K-06700-db68df55c2,F1,1.0586911,1.1899431,1.5135467,2.1079941,1.4023787
SYN50K-49046-9c239489d2,F1,1.0849539,0.75047582,0.81052144,1.2912741,1.3694355
SYN50K-41966-3e49f8a4cb,F1,1.522726,1.0018012,1.3103528,3.0446228,1.4989629
SYN50K-38372-7759f560d3,F1,1.8462105,1.184447,1.5773968,4.8750116,1.5514393
SYN50K-30552-ed49e1a50c,F1,2.1467561,1.0484406,1.3961394,5.4678435,1.5883667
SYN50K-20534-800fc75c23,F1,1.2331869,0.97368195,1.6540277,2.4584131,1.5115826
SYN50K-37314-39f4c481c5,F2,2.2137265,0.43431026,1.4196632,4.440034,1.7834602
SYN50K-07308-809b33eee0,F2,1.0929276,1.1435903,0.80326292,1.7296063,1.2773724
SYN50K-20174-d5102d4f01,F2,1.0126313,0.41715651,1.0966796,0.98470551,1.5710131
SYN50K-47530-51e9885873,F2,1.4286954,0.60289712,1.5978502,2.4920986,1.6543651
SYN50K-42366-4fccb384bd,F2,1.3063357,0.48399188,1.2692312,1.7152357,1.6313883
SYN50K-43584-10032bfd79,F2,1.9309618,0.87132649,1.1114675,3.7546146,1.5518853
SYN50K-35010-09002dbe4a,F2,2.252737,0.45191335,1.2658745,4.230087,1.7593331
SYN50K-30314-1f225a49f6,F2,1.1776252,0.86634433,1.7740258,2.2503392,1.5466333
SYN50K-00796-7b94f07f20,F2,1.1076879,0.53772675,1.3577686,1.4286057,1.5830666
SYN50K-15582-4c36d2f2e6,F2,1.4550749,0.85692797,1.1035208,2.4151051,1.4837101
SYN50K-25540-eaa4bb23ec,F2,1.4461847,0.92398364,0.81336355,2.1868056,1.3889484
SYN50K-46034-5baefa81c9,F2,2.0166555,0.44490099,1.0318258,2.9953779,1.7004678
SYN50K-43294-eabdbdc78e,F2,1.0314689,1.0799972,1.9304121,2.1408933,1.4796642
SYN50K-10140-34ccfc2100,F2,1.5604792,0.99408135,1.4124414,3.2709578,1.5257526
SYN50K-27188-4d52cb72f3,F2,2.2480434,0.91964678,0.93178881,4.4218961,1.5324617
SYN50K-28592-fb2d54bbaa,F2,1.6253006,1.0515739,0.68373783,2.6122052,1.3457162
SYN50K-09098-b8af18fa7c,F2,1.8246481,1.187074,1.4523343,4.5836503,1.5274525
SYN50K-21262-91859326e3,F2,1.8881811,0.94422908,0.894004,3.3765394,1.4719814
SYN50K-23684-ea67509a74,F2,1.7799307,0.66136306,0.75123241,2.3671902,1.5027098
SYN50K-17146-64bf93bfcb,F2,1.2540156,0.82587154,1.8436301,2.4852608,1.5832808
SYN50K-31226-32dd01b90b,F2,1.2151582,1.1484571,0.84970564,2.0228988,1.3101202
SYN50K-39748-c453b1b7dc,F2,2.1913006,0.60975497,1.0784339,3.9253674,1.6596098
SYN50K-13314-4ae7af626a,F2,1.5046351,0.98557642,0.55575477,2.1120269,1.2978627
SYN50K-09708-2a27a687b0,F3,3.2349893,0.93865154,1.0701901,8.6363807,1.6484028
SYN50K-14520-0a70d8bf96,F3,3.285641,0.43444761,1.001423,6.8328384,1.7910914
SYN50K-22814-fc76c01467,F3,3.2050793,0.94890807,1.0723006,8.5489476,1.6442456
SYN50K-11472-66e83e1cf8,F3,3.0516715,1.1695324,1.3885197,10.034462,1.6443229
SYN50K-24984-40a5de0bec,F3,2.3078676,0.80113867,1.0652569,4.6858359,1.6054232
SYN50K-10276-b9448ffb26,F3,3.0435503,0.49387215,0.66032601,4.5614901,1.6704751
SYN50K-42310-3df2f48027,F3,2.2863305,0.700487,1.2274502,4.8096742,1.667016
SYN50K-17100-f502e8d6c3,F3,2.7035818,0.46040619,1.0636776,5.1321444,1.7574609
SYN50K-23030-9e4f116074,F3,3.7136496,0.43855256,1.5335746,12.203543,1.8665444
SYN50K-42496-cb814a5495,F3,3.0150098,0.5048819,1.1798036,6.8845985,1.7788943
SYN50K-13598-346fc1ad47,F3,2.4343771,0.60151901,1.055994,4.5933356,1.6812068
SYN50K-34746-b8e369f1c4,F3,2.5326305,0.86596394,1.0368211,5.5183644,1.6025694
SYN50K-43302-33e70cdac6,F3,3.3638371,0.60211887,1.0315865,7.8618365,1.7423719
SYN50K-18956-cfef67027d,F3,2.3818053,0.86839974,1.1429349,5.310292,1.6104999
SYN50K-41138-bb8ce2df2f,F3,2.9129188,1.0375838,0.95079181,7.0561773,1.5716665
SYN50K-07096-d8e1216352,F3,3.9605195,1.1275975,1.044947,12.661242,1.6472801
SYN50K-43350-6f9a9a4640,F3,2.4701388,0.44545838,1.2274143,4.8449307,1.7728876
SYN50K-24166-31b89f777f,F3,1.822013,0.9395013,0.94767842,3.2848024,1.4788778
SYN50K-43490-e7463e33df,F3,2.1018359,1.1060849,0.96638371,4.4594124,1.4786737
SYN50K-16876-306388a6e4,F3,3.1218688,1.1399752,0.81786093,7.5443158,1.5282736
SYN50K-44454-0d05156573,F3,3.5954976,1.0347955,0.98930195,10.115256,1.6321789
SYN50K-25916-9d39353325,F3,2.065188,0.55098216,1.2333128,3.7679223,1.6980082
SYN50K-04112-2af83b4608,F3,1.991704,0.58924767,0.86200336,2.8833411,1.5929698
SYN50K-13706-886adc9445,F3,2.9155516,0.43390261,1.4073758,7.2467228,1.8254293
SYN50K-16006-8872b08aa8,F3,3.103227,0.88010289,1.1465762,8.2519335,1.669028
SYN50K-43660-b4d451f0e3,F3,2.8158137,0.93639315,1.0210836,6.6846962,1.6055604
SYN50K-12428-7badb93721,F3,3.9794105,0.88328568,1.288089,13.713857,1.7436931
SYN50K-48610-51c9b9880a,F3,3.7587649,0.75485959,1.5451981,13.752861,1.793691
SYN50K-05884-8cf1a5ef65,F3,3.2362447,0.72467791,1.0110411,7.6396932,1.6930197
SYN50K-43258-c938eb8d4b,F3,2.4848039,1.0396613,1.3313163,6.6932944,1.6140384
SYN50K-26320-dea3dd1322,F3,3.3057222,0.99211096,0.95836429,8.5160494,1.6148868
SYN50K-01066-31b2ef6f9d,F3,3.8210697,1.1895342,1.0696439,12.354001,1.6320793
SYN50K-00232-cf8003344b,F3,2.9305965,0.52252814,0.90296804,5.4088427,1.716886
SYN50K-33970-8b28be8195,F3,3.9916572,0.83817867,1.2760905,13.511905,1.7523871
SYN50K-22346-3d637ea083,F3,3.3942678,0.4772502,1.0267618,7.5346041,1.7850033
SYN50K-29700-489f6ae20e,F3,3.8424031,0.74440559,1.2272207,11.919687,1.7600351
SYN50K-47878-85c14bee50,F3,2.8091714,0.52118577,1.5138129,7.4371851,1.8031379
SYN50K-27786-71071b9384,F3,3.5065892,1.1926821,0.88579919,9.6282142,1.565626
SYN50K-10384-d0e0198c65,F3,3.9345703,0.84422805,1.0494569,11.444913,1.7097685
SYN50K-42794-e9b07411cd,F3,2.9118786,1.1331665,0.95850439,7.3632406,1.5518762
SYN50K-14820-70985ba545,F3,2.6468559,0.70684154,1.0171712,5.4339803,1.6557022
SYN50K-27310-aab230369f,F3,1.8678986,0.62943347,1.2933743,3.4320385,1.6574287
SYN50K-09510-7f9252ce0a,F3,2.626403,0.73506203,0.8087282,4.7198697,1.5909698
SYN50K-08528-74272e0c28,F3,3.2083659,1.06637,1.0142068,8.6412307,1.604072
SYN50K-12436-20a803c5a0,F3,3.6628763,1.0514959,1.0189106,10.686689,1.6395985
SYN50K-45700-996790c761,F3,3.8086758,0.6815251,1.0533085,10.235361,1.746398
SYN50K-00194-a2e42731f4,F3,3.0873727,1.1329117,0.97352102,8.1374587,1.5701704
SYN50K-31016-4212d8f90f,F3,3.9250118,1.0954757,1.4692971,15.617543,1.7246843
SYN50K-32138-05ec2f47fd,F3,3.5515391,0.9083773,1.1278927,10.339435,1.6879774
SYN50K-19088-ba22e552a7,F4,3.9052919,1.0850494,1.8217782,18.129681,1.7662709
SYN50K-07960-0929317972,F4,2.5882774,0.84975096,1.6248425,7.6419472,1.7121949
SYN50K-41554-2c0c8d3cb2,F4,3.4085307,1.1443851,1.2638689,11.242537,1.6530435
SYN50K-10230-b06449bca7,F4,3.5608355,1.1373875,1.4331456,13.13587,1.6916801
SYN50K-13412-a0406fc699,F4,3.7492502,0.86779212,1.7526819,15.572187,1.7910653
SYN50K-15564-aafb0e9252,F4,3.5535589,0.42965345,1.3969201,10.346799,1.8524376
SYN50K-03174-bf6bd64372,F4,3.1350907,0.79293883,1.6626041,10.656631,1.7667241
SYN50K-26708-a4e89f5eec,F4,3.3976961,0.74784567,1.7580734,12.68885,1.7997492
SYN50K-25126-d5357c2659,F4,3.1391447,0.7282885,1.3988582,9.1785373,1.7509186
SYN50K-37960-b673f05a8b,F4,2.0329032,0.42518352,1.6775041,4.3306636,1.80041
SYN50K-00946-cbdfecd0ee,F4,1.7514356,0.52875467,1.4988743,3.2249981,1.7128433
SYN50K-35606-b01df240e0,F4,3.1614436,0.72128766,1.5258343,9.9054581,1.7697925
SYN50K-48960-7a46296d4f,F4,2.8811283,0.95018498,1.496304,8.9479397,1.6940519
SYN50K-12796-d933bbb8fb,F4,2.2032958,1.1972214,1.8221272,7.0606021,1.6264011
SYN50K-15464-6e279245de,F4,3.186851,0.54377614,1.592439,9.8193541,1.8235186
SYN50K-16036-d98177193e,F4,1.3554201,0.4291971,1.4955455,1.9555233,1.7025132
SYN50K-39924-e80d5f0db3,F4,1.1313179,0.63671859,1.3951184,1.6131234,1.5534556
SYN50K-48432-405dc11691,F4,2.525356,0.55298023,1.6836447,6.765129,1.7935779
SYN50K-15140-bdcaf474c9,F4,1.6067288,0.60593652,1.8295694,3.3351633,1.7080876
SYN50K-38866-fca68d440a,F4,1.8572513,0.46079162,1.4968649,3.4374356,1.7510336
SYN50K-22882-f4d7f9ecbc,F4,2.2587199,0.4208917,1.7098173,5.3122626,1.8210411
SYN50K-46342-c4f0e3f1cc,F4,3.0070019,0.66133771,1.8554211,10.377059,1.8083615
SYN50K-44378-be4c0598d9,F4,2.533848,1.1609828,1.9213584,9.1096853,1.677074
SYN50K-49540-565bcd9b09,F4,2.3452331,0.70553538,1.7583079,6.4900954,1.7450508
SYN50K-05100-712854ce3b,F4,3.5961779,0.94475129,1.8376785,15.280378,1.7776564
SYN50K-00864-f9aff4f657,F4,3.5180022,0.97108222,1.3127738,11.539937,1.7039612
SYN50K-09014-fc0ff80e46,F4,2.492026,1.1119126,1.7435938,8.1849425,1.6614619
SYN50K-35856-c58cefae6e,F4,1.3307401,0.78441109,1.2505644,2.1511403,1.514747
SYN50K-45304-9fbe825303,F4,2.5421006,0.74556995,1.6489703,7.223364,1.7376134
SYN50K-47988-61547ec5a3,F4,1.8443256,0.50612852,1.2068966,2.9861175,1.6873982
SYN50K-16102-90abd94ced,F4,3.8760024,0.91810726,1.8986502,17.820671,1.8003113
SYN50K-33756-9fa15e7180,F4,2.6265664,0.49075195,1.6071462,6.8327238,1.8113501
SYN50K-41054-ede5219ff7,F4,3.1892931,0.65452942,1.7962421,11.222805,1.813996
SYN50K-31790-9d42fdf9f9,F4,3.2311698,0.6452523,1.6228893,10.556774,1.8025041
SYN50K-27488-5197f3ab4e,F4,1.2952844,0.46341385,1.3777792,1.7560454,1.6581793
SYN50K-34488-fcc5f827ef,F4,2.5831497,0.90465686,1.4218505,7.0806281,1.6699637
SYN50K-44892-1dfe667173,F4,3.9462352,0.74951574,1.6948335,16.154393,1.8169064
SYN50K-28620-a648aa949f,F4,3.0194424,0.68039002,1.5276577,9.0182508,1.7721955
SYN50K-20656-fdb0002906,F4,3.9138368,1.1697558,1.4319702,15.545778,1.7054999
SYN50K-14732-a7f91d18b6,F4,2.7779849,1.1795097,1.838459,10.370538,1.6840415
SYN50K-08726-d62d6ffa17,F4,3.4803769,0.49859751,1.6249547,11.576864,1.8501056
SYN50K-36482-851d2f140a,F4,2.4345387,0.93625228,1.6581414,7.1932269,1.6831266
SYN50K-15356-8276524ca4,F4,3.6386802,0.90217353,1.5566426,13.58769,1.7584048
SYN50K-41128-a89e03dea9,F4,1.5105695,0.70645225,1.8366993,3.1626542,1.6625792
SYN50K-05298-88a268c38c,F4,3.6641602,1.0175393,1.6452645,14.773145,1.7476213
SYN50K-22436-8e24f14fe7,F4,2.8733806,1.1170861,1.4499834,9.1955742,1.6509393
SYN50K-29646-8e65968587,F4,3.5144361,0.89737539,1.1508085,10.260736,1.6926372
SYN50K-43540-7d95ce0d75,F4,3.8005375,0.73401073,1.4572883,13.314233,1.7904772
SYN50K-09242-8a0d1e3104,F4,3.7444819,0.40358122,1.5294913,12.233812,1.8764733
SYN50K-39706-886cca2666,F4,3.3546667,0.84787474,1.7304473,12.581382,1.7739249
SYN50K-35966-9b1c2ec7d5,F4,2.9403487,1.1411197,1.2089052,8.581176,1.6089942
SYN50K-10104-5365ff1717,F4,1.8364954,0.59738373,1.4038494,3.4644847,1.6833317
SYN50K-48286-04904485d6,F4,3.4834376,0.83461044,1.5312569,12.197708,1.7616508
SYN50K-30186-2df27962b3,F4,2.0402295,0.59990023,1.7091874,4.7812114,1.7440117
SYN50K-44032-7b90c2f7e2,F4,2.2352331,1.0335557,1.7814938,6.7606475,1.6582815
SYN50K-05656-0abea52f03,F4,1.6608601,0.40096355,1.9540977,3.3610911,1.8018666
SYN50K-09010-dc752b573b,F4,1.8453999,0.97962886,1.2832216,3.9928131,1.5472348
SYN50K-08596-5c0342bd97,F4,3.4386044,0.80999878,1.437265,11.282376,1.7531313
SYN50K-26664-ec62ca6a61,F4,2.8317752,0.96707712,1.4557413,8.5753036,1.6806475
SYN50K-24600-a86729c0cb,F4,2.3944658,0.57974102,1.7319253,6.3531376,1.7814985
SYN50K-38750-2f83ae0568,F4,2.6006203,1.0290222,1.5447665,7.8998983,1.6612493
SYN50K-41506-06891fc91c,F4,2.5316438,0.61337279,1.6783145,6.9311851,1.7759631
SYN50K-01242-fea6207700,F4,3.9399343,1.171741,0.98369254,12.251553,1.6231839
SYN50K-45660-88c509d4f7,F4,2.0580476,0.79460719,1.7072125,5.2508397,1.6885566
SYN50K-04584-9ecef409c6,F4,1.8190173,0.55572657,1.8675586,4.1005877,1.7534802
SYN50K-22326-2b0e4faaad,F4,3.3651003,1.1825546,1.4906245,12.419256,1.679577
SYN50K-40746-8fb6384b9c,F4,3.5255357,0.41396217,1.7230731,12.167822,1.8800576
SYN50K-12090-f9f371b443,F4,3.3290441,1.0450538,1.2915777,10.636007,1.6729008
SYN50K-41962-d69b546833,F4,2.387672,0.49219548,1.7503838,6.1646506,1.8093645
SYN50K-38550-22ef9b50cf,F4,2.7320371,0.51335858,1.9416819,8.6488976,1.8378389
SYN50K-43072-a44806c330,F4,3.6597275,1.1385543,1.7755284,16.057162,1.7405022
SYN50K-01020-d32c6a9e64,F4,3.9578216,0.43411213,1.4460561,13.043904,1.8682804
SYN50K-33926-9be4d64719,F4,2.9396673,1.1391324,1.6212521,10.353812,1.6765761
SYN50K-09316-7329dc67da,F4,2.1161353,0.69527788,1.1295746,4.0004359,1.6322146
SYN50K-22514-2de8899a19,F4,1.7246778,0.68225011,0.99084746,2.6503062,1.556028
SYN50K-45476-84b329590d,F4,2.1154808,1.1228282,1.7991273,6.4011019,1.6289199
SYN50K-08424-cb02fab9ea,F4,2.4208258,0.61742755,1.7955109,6.7558881,1.7787582
SYN50K-33850-bb672d7ed4,F4,2.4763238,0.8357974,1.280938,5.9971759,1.6548867
SYN50K-10890-a751cefe18,F4,3.6522024,0.93081224,1.2032725,11.424489,1.7024362
